id;username;nama;alamat;password;role
165;feb1azizah;Febi Azizah;Sukabumi;Sukabumi12;user
166;putri1234;Putri Amelia;Sukabumi;Sukabumi13;admin
167;fachrysoni;Soni Fachryan;Coblong;Coblong14;user
168;rockyroxie;Rocky Kennedy;Dago;Dago15;admin
169;nebs22;Nabila Aura;Kotabumi;Kotabumi16;user
170;cacacharis;Charisma Diah;Kalianda;Kalianda17;user
171;lydiaker24;Lydia May;Kalianda;Kalianda18;user
172;19baniadam;Bani Adam;Bekasi;Bekasi19;admin
173;fayzapf1204;Fayza Putri;Coblong;Coblong20;user
174;eskrimmagnum;Jimmy Magnum;Metro;Metro21;user
175;scifosinaga;Kevin Sinaga;Sukadana;Sukadana22;user
176;dod1234lam;Dodi Alam;Sukadana;Sukadana23;user
